"","np_id","InChI","InChIKey","SMILES"
"8","NPC57278","InChI=1S/C16H22N4O2/c1-6-16(4,5)13-10(17-8-18-13)7-11-14(21)20-12(9(2)3)15(22)19-11/h6-9,12H,1H2,2-5H3,(H,17,18)(H,19,22)(H,20,21)/b11-7-/t12-/m0/s1","RSGRSUVVCYUKLM-RDQDRAATSA-N","C=CC(C)(C)c1c(/C=C\2/C(=N[C@@H](C(C)C)C(=N2)O)O)nc[nH]1"
"225","NPC130941","InChI=1S/C24H27NO4/c1-26-21-9-16-15-8-14-6-5-7-25(14)13-20(15)19-12-24(29-4)23(28-3)11-18(19)17(16)10-22(21)27-2/h9-12,14H,5-8,13H2,1-4H3/t14-/m1/s1","SSEUDFYBEOIWGF-CQSZACIVSA-N","COc1cc2c3C[C@H]4CCCN4Cc3c3c(c2cc1OC)cc(c(c3)OC)OC"
"402","NPC55832","InChI=1S/C25H26O6/c1-13(2)5-7-16-19(26)10-9-15(23(16)28)18-12-31-21-11-20(27)17(8-6-14(3)4)24(29)22(21)25(18)30/h5-6,9-12,26-29H,7-8H2,1-4H3","KKFAKKIIFUFASS-UHFFFAOYSA-N","CC(=CCc1c(ccc(c2coc3cc(c(CC=C(C)C)c(c3c2=O)O)O)c1O)O)C"
"522","NPC483402","InChI=1S/C31H30O9/c1-17-25(40-23(32)11-10-18-8-6-5-7-9-18)20-13-22-26(39-16-38-22)28-24(20)31(15-37-28)19(14-30(17,2)34)12-21(35-3)27(36-4)29(31)33/h5-13,17,25,34H,14-16H2,1-4H3/b11-10+/t17-,25+,30-,31-/m0/s1","KCTYCGVDWKYTRY-DKIXVKQFSA-N","C[C@H]1[C@H](c2cc3c(c4c2[C@]2(CO4)C(=CC(=C(C2=O)OC)OC)C[C@]1(C)O)OCO3)OC(=O)/C=C/c1ccccc1"
"565","NPC481123","InChI=1S/C20H23NO5/c1-23-13-6-7-20-17(26-20)18(22)21-8-4-5-12-9-15(24-2)16(25-3)10-14(12)19(20,21)11-13/h6-7,9-10,13,17H,4-5,8,11H2,1-3H3/t13-,17-,19?,20-/m0/s1","POQQNJBRHJXAIN-KFLQCAKHSA-N","CO[C@H]1C=C[C@]23[C@H](C(=O)N4CCCc5cc(c(cc5C24C1)OC)OC)O3"
"721","NPC266383","InChI=1S/C15H24N2O/c18-14-7-1-6-13-12-5-3-9-16-8-2-4-11(15(12)16)10-17(13)14/h11-13,15H,1-10H2/t11-,12+,13+,15-/m0/s1","ZSBXGIUJOOQZMP-JLNYLFASSA-N","C1C[C@@H]2[C@H]3CCCN4CCC[C@@H](CN2C(=O)C1)[C@@H]34"
"827","NPC202672","InChI=1S/C20H30O4/c1-13-7-5-8-14(2)11-17-16(15(3)19(22)24-17)12-18(21)20(4,23)10-6-9-13/h8-9,16-18,21,23H,3,5-7,10-12H2,1-2,4H3/b13-9+,14-8+/t16-,17+,18+,20-/m1/s1","HZAPTPBMBOIGCM-SFQXUBQZSA-N","C/C/1=C\CC[C@](C)([C@H](C[C@@H]2C(=C)C(=O)O[C@H]2C/C(=C/CC1)/C)O)O"
"882","NPC481234","InChI=1S/C40H56O8/c1-23-15-18-40(34(44)45)20-19-37(5)25(32(40)39(23,7)46)11-13-30-36(4)22-27(42)33(35(2,3)29(36)16-17-38(30,37)6)48-31(43)14-10-24-9-12-26(41)28(21-24)47-8/h9-12,14,21,23,27,29-30,32-33,41-42,46H,13,15-20,22H2,1-8H3,(H,44,45)/b14-10+/t23-,27-,29+,30-,32-,33+,36+,37-,38-,39-,40+/m1/s1","ZLJNDEAZTHKUBC-HJHIKMKKSA-N","C[C@@H]1CC[C@@]2(CC[C@]3(C)C(=CC[C@@H]4[C@@]5(C)C[C@H]([C@@H](C(C)(C)[C@@H]5CC[C@@]34C)OC(=O)/C=C/c3ccc(c(c3)OC)O)O)[C@@H]2[C@]1(C)O)C(=O)O"
"1007","NPC86008","InChI=1S/C28H32O17/c29-6-11-19(34)18-13(33)4-10(41-27-24(39)22(37)20(35)16(7-30)44-27)5-15(18)42-26(11)9-1-2-14(12(32)3-9)43-28-25(40)23(38)21(36)17(8-31)45-28/h1-5,16-17,20-25,27-33,35-40H,6-8H2/t16-,17-,20-,21-,22+,23+,24-,25-,27-,28-/m1/s1","VWMQUPAZXJVKFZ-KJBTZJKUSA-N","OC[C@H]1O[C@@H](Oc2cc(O)c3c(c2)oc(c(c3=O)CO)c2ccc(c(c2)O)O[C@@H]2O[C@H](CO)[C@H]([C@@H]([C@H]2O)O)O)[C@@H]([C@H]([C@@H]1O)O)O"
"1920","NPC307164","InChI=1S/C31H46O4/c1-19(2)9-8-10-20(3)22-11-13-29(6)24-17-23-26(21(4)27(33)35-23)31(14-12-25(32)34-7)18-30(24,31)16-15-28(22,29)5/h9,20,22-24,26H,4,8,10-18H2,1-3,5-7H3/t20-,22-,23-,24+,26-,28-,29+,30+,31-/m1/s1","CLKPXYYJFFVZSE-NOYYCYTFSA-N","CC(=CCC[C@@H](C)[C@H]1CC[C@@]2(C)[C@@H]3C[C@@H]4[C@@H](C(=C)C(=O)O4)[C@@]4(CCC(=O)OC)C[C@@]34CC[C@]12C)C"
"2044","NPC306365","InChI=1S/C27H34O5/c1-17-11-14-27(6)25(3,4)23(31-18(2)28)12-13-26(27,5)21(17)16-30-20-9-7-19-8-10-24(29)32-22(19)15-20/h7-10,15,21,23H,1,11-14,16H2,2-6H3/t21-,23-,26+,27+/m0/s1","FKTIVUFKTFDYDD-KNSGPAFVSA-N","CC(=O)O[C@H]1CC[C@]2([C@](C1(C)C)(C)CCC(=C)[C@@H]2COc1ccc2c(c1)oc(=O)cc2)C"
"2072","NPC210434","InChI=1S/C18H13NO3/c1-21-13-9-10-7-8-19-16-14(10)15(18(13)22-2)11-5-3-4-6-12(11)17(16)20/h3-9H,1-2H3","DPBMWJXWUINLQT-UHFFFAOYSA-N","COc1cc2ccnc3c2c(-c2ccccc2C3=O)c1OC"
"3290","NPC214869","InChI=1S/C19H21NO5/c1-24-17-11-13(3-6-15(17)21)5-8-19(23)20-10-9-14-4-7-16(22)18(12-14)25-2/h3-8,11-12,21-22H,9-10H2,1-2H3,(H,20,23)/b8-5+","GRXBVKANHNUZNL-VMPITWQZSA-N","COc1cc(CCN=C(/C=C/c2ccc(c(c2)OC)O)O)ccc1O"
"3305","NPC233650","InChI=1S/C23H25NO4/c1-26-13-6-7-14-15(9-13)16-10-20(27-2)21(28-3)11-17(16)18-12-24-8-4-5-19(24)23(25)22(14)18/h6-7,9-11,19,23,25H,4-5,8,12H2,1-3H3/t19-,23-/m0/s1","LAWAARLALKUFQQ-CVDCTZTESA-N","COc1ccc2c(c1)c1cc(OC)c(cc1c1c2[C@@H](O)[C@@H]2CCCN2C1)OC"
"3535","NPC31037","InChI=1S/C20H32O2/c1-13(2)15-8-10-18(4)12-20(22)14(3)6-7-17(21)19(20,5)11-9-16(15)18/h13,17,21-22H,3,6-12H2,1-2,4-5H3/t17-,18-,19-,20+/m0/s1","ZHDYUIWBYAYXJQ-LWYYNNOASA-N","CC(C1=C2CC[C@@]3([C@](C[C@@]2(CC1)C)(O)C(=C)CC[C@@H]3O)C)C"
"3544","NPC278648","InChI=1S/C28H46O3/c1-18(2)19(3)7-8-20(4)24-11-12-25(28(24,6)15-16-29)23-10-9-21-17-22(30)13-14-27(21,5)26(23)31/h9,18,20,22-25,29-30H,3,7-8,10-17H2,1-2,4-6H3/t20-,22+,23+,24-,25+,27+,28-/m1/s1","KYURAZBDCWKPSB-CIPFQRFKSA-N","OCC[C@]1(C)[C@H](CC[C@H]1[C@@H]1CC=C2[C@](C1=O)(C)CC[C@@H](C2)O)[C@@H](CCC(=C)C(C)C)C"
"3808","NPC243089","InChI=1S/C23H26O11/c1-11(24)2-3-12-4-6-14(7-5-12)33-23-21(30)20(29)19(28)17(34-23)10-32-22(31)13-8-15(25)18(27)16(26)9-13/h4-9,17,19-21,23,25-30H,2-3,10H2,1H3/t17-,19-,20+,21-,23-/m1/s1","BJYRNIFAMMOVGW-OXUVVOBNSA-N","CC(=O)CCc1ccc(cc1)O[C@H]1[C@@H]([C@H]([C@@H]([C@@H](COC(=O)c2cc(c(c(c2)O)O)O)O1)O)O)O"
"4476","NPC210828","InChI=1S/C13H9NO2/c15-7-8-5-10-9-3-1-2-4-11(9)14-12(10)6-13(8)16/h1-7,14,16H","NEAHWGSQUXSRNW-UHFFFAOYSA-N","c1ccc2c(c1)c1cc(C=O)c(cc1[nH]2)O"
"4650","NPC114306","InChI=1S/C42H64O14/c1-11-20(2)37(47)54-34-35-39(7)15-13-26(53-29-19-28(48-9)32(23(5)50-29)55-38-31(46)33(49-10)30(45)22(4)51-38)18-25(39)12-16-41(35)42(56-41)17-14-27(21(3)43)40(42,8)36(34)52-24(6)44/h11,22-23,25-36,38,45-46H,12-19H2,1-10H3/b20-11+/t22-,23-,25+,26+,27+,28-,29+,30-,31-,32-,33-,34+,35-,36-,38+,39+,40+,41+,42-/m1/s1","OHDJGUWKOIBIKY-SGFNNURDSA-N","CO[C@@H]1C[C@H](O[C@H]2CC[C@]3([C@H](C2)CC[C@@]24[C@@H]3[C@H](OC(=O)/C(=C/C)/C)[C@@H](OC(=O)C)[C@]3([C@]4(O2)CC[C@H]3C(=O)C)C)C)O[C@@H]([C@H]1O[C@@H]1O[C@H](C)[C@H]([C@H]([C@H]1O)OC)O)C"
"4683","NPC193666","InChI=1S/C20H20O6/c1-22-17-6-11(2-4-15(17)21)19-13-8-24-20(14(13)9-23-19)12-3-5-16-18(7-12)26-10-25-16/h2-7,13-14,19-21H,8-10H2,1H3/t13-,14-,19-,20+/m1/s1","VBIRCRCPHNUJAS-FQZPYLGXSA-N","COc1cc(ccc1O)[C@@H]1[C@@H]2CO[C@@H](c3ccc4c(c3)OCO4)[C@@H]2CO1"
"5260","NPC87394","InChI=1S/C19H34O2/c1-2-3-4-5-7-10-13-17-16-18(17)14-11-8-6-9-12-15-19(20)21/h2-16H2,1H3,(H,20,21)","PQRKPYLNZGDCFH-UHFFFAOYSA-N","CCCCCCCCC1=C(C1)CCCCCCCC(=O)O"
"5566","NPC30515","InChI=1S/C22H32O6/c1-13-8-6-10-14(2)19(27-16(4)23)20-17(15(3)21(25)28-20)12-18(24)22(5,26)11-7-9-13/h9-10,17-20,24,26H,3,6-8,11-12H2,1-2,4-5H3/b13-9+,14-10+/t17-,18+,19+,20-,22-/m1/s1","LOBTUTHTMBAWQV-RCJCYISHSA-N","C/C/1=C\CC[C@](C)([C@H](C[C@@H]2C(=C)C(=O)O[C@H]2[C@H](/C(=C/CC1)/C)OC(=O)C)O)O"
"5584","NPC150383","InChI=1S/C30H46O4/c1-18-16-20(34-25(18)32)17-19(2)30(33)15-14-28(6)22-8-9-23-26(3,4)24(31)11-12-27(23,5)21(22)10-13-29(28,30)7/h18-20,23,33H,8-17H2,1-7H3/t18-,19-,20+,23+,27-,28+,29+,30+/m1/s1","MVAVKBNRFPVKBI-JGJYTGRCSA-N","C[C@@H]1C[C@H](OC1=O)C[C@H]([C@@]1(O)CC[C@@]2([C@]1(C)CCC1=C2CC[C@@H]2[C@]1(C)CCC(=O)C2(C)C)C)C"
"5993","NPC482128","InChI=1S/C22H28O7/c1-6-16(11-23)22(26)29-18-9-12(2)7-8-17(27-15(5)24)13(3)10-19-20(18)14(4)21(25)28-19/h6-7,10,17-20,23H,4,8-9,11H2,1-3,5H3/b12-7+,13-10-,16-6-/t17-,18+,19+,20+/m0/s1","OEDXUXSUBLVBSY-IMFDDDINSA-N","C/C=C(/CO)\C(=O)O[C@@H]1C/C(=C/C[C@@H](/C(=C\[C@@H]2[C@@H]1C(=C)C(=O)O2)/C)OC(=O)C)/C"
"5998","NPC480165","InChI=1S/C32H31NO8/c1-6-32(4)12-8-9-20(29(32)18(2)16-34)13-19(3)41-31(35)23-15-26-30(40-17-39-26)28-21-10-7-11-25(38-5)22(21)14-24(27(23)28)33(36)37/h6-7,9-11,14-16,19,29H,1-2,8,12-13,17H2,3-5H3/t19-,29+,32+/m1/s1","XXQZGCCUBVSBKJ-XVQWHCMCSA-N","C=C[C@@]1(C)CCC=C(C[C@@H](C)OC(=O)c2cc3c(c4c5cccc(c5cc(c24)N(=O)=O)OC)OCO3)[C@@H]1C(=C)C=O"
"6070","NPC255566","InChI=1S/C21H22O7/c1-23-17-6-12(7-18(24-2)19(17)22)21-14-9-25-20(13(14)8-26-21)11-3-4-15-16(5-11)28-10-27-15/h3-7,13-14,20-22H,8-10H2,1-2H3/t13-,14-,20-,21+/m0/s1","WQXZSCSXVJCPOG-MFRYECHYSA-N","COc1cc(cc(c1O)OC)[C@@H]1[C@H]2CO[C@@H](c3ccc4c(c3)OCO4)[C@H]2CO1"
"6285","NPC249583","InChI=1S/C14H11NO2/c1-17-10-3-4-11-12-6-9(8-16)2-5-13(12)15-14(11)7-10/h2-8,15H,1H3","IBDBRUPJUXYODT-UHFFFAOYSA-N","COc1ccc2c(c1)[nH]c1c2cc(cc1)C=O"
"6630","NPC123526","InChI=1S/C20H20O6/c1-22-17-6-11(2-4-15(17)21)19-13-8-24-20(14(13)9-23-19)12-3-5-16-18(7-12)26-10-25-16/h2-7,13-14,19-21H,8-10H2,1H3/t13-,14-,19+,20+/m1/s1","VBIRCRCPHNUJAS-NSMLZSOPSA-N","COc1cc(ccc1O)[C@@H]1OC[C@@H]2[C@H]1CO[C@H]2c1ccc2c(c1)OCO2"
"6854","NPC231680","InChI=1S/C30H52O3/c1-25(2)21-12-17-29(7)22(27(21,5)15-13-23(25)31)10-9-19-20(11-16-28(19,29)6)30(8)18-14-24(33-30)26(3,4)32/h19-24,31-32H,9-18H2,1-8H3/t19-,20+,21+,22-,23-,24+,27+,28-,29-,30+/m1/s1","RQBNSDSKUAGBOI-ZNYSIYOKSA-N","CC1(C)[C@@H]2CC[C@]3(C)[C@H](CC[C@@H]4[C@H](CC[C@@]34C)[C@]3(C)CC[C@@H](C(C)(C)O)O3)[C@@]2(C)CC[C@H]1O"
"6994","NPC208197","InChI=1S/C19H18O8/c1-23-14-6-9(5-12(21)18(14)25-3)13-8-11(20)10-7-15(24-2)19(26-4)16(22)17(10)27-13/h5-8,21-22H,1-4H3","ATPIHJKFWBNCAS-UHFFFAOYSA-N","COc1cc(cc(c1OC)O)c1cc(=O)c2cc(c(c(c2o1)O)OC)OC"
"7028","NPC210089","InChI=1S/C13H12O3/c1-9(14)5-6-10-3-2-4-12-11(10)7-8-16-13(12)15/h2-6H,7-8H2,1H3/b6-5+","RINHRISDQZMBAU-AATRIKPKSA-N","CC(=O)/C=C/c1cccc2c1CCOC2=O"
"7378","NPC32643","InChI=1S/C28H22O7/c29-19-6-2-15(3-7-19)1-4-16-9-22(32)14-25-26(16)27(18-10-20(30)13-21(31)11-18)28(35-25)17-5-8-23(33)24(34)12-17/h1-14,27-34H/b4-1+/t27-,28+/m1/s1","VJVQHVVOEFJLIO-YVYUXZJTSA-N","C(=C\c1cc(cc2c1[C@@H](c1cc(cc(c1)O)O)[C@H](c1ccc(c(c1)O)O)O2)O)/c1ccc(cc1)O"
"7493","NPC169387","InChI=1S/C20H19NO5/c1-23-15-4-3-12-7-14-13-9-17-16(25-10-26-17)8-11(13)5-6-21(14)20(22)18(12)19(15)24-2/h3-4,8-9,14H,5-7,10H2,1-2H3/t14-/m0/s1","DESORMZUMYIKSG-AWEZNQCLSA-N","COc1ccc2C[C@H]3c4cc5c(cc4CCN3C(=O)c2c1OC)OCO5"
"7678","NPC80471","InChI=1S/C11H16O3/c1-10(2)5-7(12)6-11(3)8(10)4-9(13)14-11/h4,7,12H,5-6H2,1-3H3/t7-,11+/m0/s1","XEVQXKKKAVVSMW-WRWORJQWSA-N","O[C@@H]1C[C@@]2(C)OC(=O)C=C2C(C1)(C)C"
"7744","NPC253456","InChI=1S/C29H40O9/c1-15-9-23(31)29(34)25(36-15)37-21-11-17-3-4-20-19(27(17,14-30)12-22(21)38-29)5-7-26(2)18(6-8-28(20,26)33)16-10-24(32)35-13-16/h10,14-15,17-23,25,31,33-34H,3-9,11-13H2,1-2H3/t15-,17+,18-,19+,20-,21-,22-,23+,25+,26-,27-,28+,29+/m1/s1","OWPWFVVPBYFKBG-NYVHBPEFSA-N","C[C@@H]1C[C@@H]([C@]2([C@@H](O1)O[C@@H]1C[C@@H]3CC[C@@H]4[C@H](CC[C@]5(C)[C@H](CC[C@]45O)C4=CC(=O)OC4)[C@]3(C[C@H]1O2)C=O)O)O"
"7993","NPC168017","InChI=1S/C15H24N2O2/c18-11-7-12-13-4-1-5-14(19)17(13)8-10-3-2-6-16(9-11)15(10)12/h10-13,15,18H,1-9H2/p+1/t10-,11-,12+,13+,15-/m0/s1","JTWPUVIWKODBID-WHPHWUKISA-N","C1C[C@@H]2[C@H]3C[C@@H](C[NH+]4CCC[C@@H](CN2C(=O)C1)[C@@H]34)O"
"8553","NPC113044","InChI=1S/C39H62O12/c1-18-8-13-39(46-17-18)19(2)28-26(51-39)15-25-23-7-6-21-14-22(9-11-37(21,4)24(23)10-12-38(25,28)5)48-36-34(32(44)30(42)27(16-40)49-36)50-35-33(45)31(43)29(41)20(3)47-35/h6,18-20,22-36,40-45H,7-17H2,1-5H3/t18-,19-,20-,22-,23+,24-,25-,26-,27+,28-,29-,30+,31+,32-,33+,34+,35-,36+,37-,38-,39+/m0/s1","HDXIQHTUNGFJIC-SFYWSABLSA-N","C[C@H]1CC[C@@]2([C@@H](C)[C@H]3[C@H](C[C@H]4[C@@H]5CC=C6C[C@H](CC[C@]6(C)[C@H]5CC[C@]34C)O[C@H]3[C@@H]([C@H]([C@@H]([C@@H](CO)O3)O)O)O[C@H]3[C@@H]([C@@H]([C@H]([C@H](C)O3)O)O)O)O2)OC1"
"8655","NPC207179","InChI=1S/C15H14O5/c16-9-3-1-8(2-4-9)15-13(19)7-11-12(18)5-10(17)6-14(11)20-15/h1-6,13,15-19H,7H2/t13-,15+/m0/s1","RSYUFYQTACJFML-DZGCQCFKSA-N","Oc1ccc(cc1)[C@H]1Oc2cc(O)cc(c2C[C@@H]1O)O"
"8696","NPC96603","InChI=1S/C20H23NO4/c1-21(2)6-5-11-9-17(25-4)20(23)19-13-10-16(24-3)15(22)8-12(13)7-14(21)18(11)19/h8-10,14H,5-7H2,1-4H3,(H-,22,23)/p+1/t14-/m0/s1","ZDVDVLRYVOZWMP-AWEZNQCLSA-O","COc1cc2c(cc1O)C[C@H]1c3c2c(O)c(OC)cc3CC[N+]1(C)C"
"8710","NPC233718","InChI=1S/C18H17NO4/c1-19(21)7-6-10-8-13-18(23-9-22-13)15-11-4-2-3-5-12(11)17(20)16(19)14(10)15/h2-5,8,16-17,20H,6-7,9H2,1H3/t16-,17+,19-/m1/s1","PQQSHMZUVWGXSV-ZIFCJYIRSA-N","C[N@@]1(=O)CCc2cc3c(c4-c5ccccc5[C@@H]([C@H]1c24)O)OCO3"
"8859","NPC124658","InChI=1S/C32H31NO8/c1-19-7-4-9-20(2)13-22(14-21(17-34)10-5-8-19)41-32(35)25-16-28-31(40-18-39-28)30-23-11-6-12-27(38-3)24(23)15-26(29(25)30)33(36)37/h6,8-9,11-12,14-17,22H,4-5,7,10,13,18H2,1-3H3/b19-8+,20-9+,21-14+/t22-/m1/s1","CNCKKGCRDGSHDH-RKTZXBDWSA-N","O=C/C/1=C/[C@@H](C/C(=C/CC/C(=C/CC1)/C)/C)OC(=O)c1cc2OCOc2c2c1c(cc1c2cccc1OC)N(=O)=O"
"9059","NPC12053","InChI=1S/C20H23NO4/c1-21(2)8-7-12-10-15(25-4)20(23)18-16(12)13(21)9-11-5-6-14(24-3)19(22)17(11)18/h5-6,10,13H,7-9H2,1-4H3,(H-,22,23)/p+1/t13-/m0/s1","YLRXAIKMLINXQY-ZDUSSCGKSA-O","C[N+]1(C)CCc2cc(c(c3-c4c(ccc(c4O)OC)C[C@H]1c23)O)OC"
"9237","NPC479004","InChI=1S/C22H28O6/c1-23-13-9-17(25-3)21(18(10-13)26-4)15-7-8-16(15)22-19(27-5)11-14(24-2)12-20(22)28-6/h9-12,15-16H,7-8H2,1-6H3/t15-,16+","USQVABGTLLYGDN-IYBDPMFKSA-N","COc1cc(c([C@H]2CC[C@H]2c2c(cc(cc2OC)OC)OC)c(c1)OC)OC"
"9371","NPC206614","InChI=1S/C19H28O7/c1-9(2)16(21)25-13-7-18(5)14(20)8-19(23,26-18)10(3)6-12-15(13)11(4)17(22)24-12/h9-10,12-15,20,23H,4,6-8H2,1-3,5H3/t10-,12+,13+,14-,15-,18+,19+/m0/s1","HREHFPZHVCNOMQ-XNNFIIJVSA-N","O=C(C(C)C)O[C@@H]1C[C@@]2(C)O[C@](C[C@@H]2O)([C@H](C[C@@H]2[C@@H]1C(=C)C(=O)O2)C)O"
"11840","NPC147390","InChI=1S/C19H23NO4/c1-20-7-6-13-10-19(24-3)17(22)11-14(13)15(20)8-12-4-5-18(23-2)16(21)9-12/h4-5,9-11,15,21-22H,6-8H2,1-3H3/t15-/m0/s1","BHLYRWXGMIUIHG-HNNXBMFYSA-N","COc1ccc(cc1O)C[C@@H]1N(C)CCc2c1cc(O)c(c2)OC"
"12060","NPC308689","InChI=1S/C18H20O4/c1-2-3-12-4-6-17(21)15(9-12)16-10-13(5-7-18(16)22)8-14(20)11-19/h2,4-7,9-10,14,19-22H,1,3,8,11H2/t14-/m1/s1","ORPULAPYNPMMAQ-CQSZACIVSA-N","C=CCc1ccc(c(c1)c1cc(ccc1O)C[C@H](CO)O)O"
"12491","NPC202666","InChI=1S/C42H62O16/c1-37(2)21-8-11-42(7)31(20(43)16-18-19-17-39(4,36(53)54)13-12-38(19,3)14-15-41(18,42)6)40(21,5)10-9-22(37)55-35-30(26(47)25(46)29(57-35)33(51)52)58-34-27(48)23(44)24(45)28(56-34)32(49)50/h16,19,21-31,34-35,44-48H,8-15,17H2,1-7H3,(H,49,50)(H,51,52)(H,53,54)/t19-,21-,22-,23-,24-,25-,26-,27+,28-,29-,30+,31+,34-,35-,38+,39-,40-,41+,42+/m0/s1","LPLVUJXQOOQHMX-QWBHMCJMSA-N","CC1(C)[C@@H]2CC[C@]3(C)[C@H](C(=O)C=C4[C@@H]5C[C@](C)(CC[C@]5(C)CC[C@@]34C)C(=O)O)[C@@]2(C)CC[C@@H]1O[C@@H]1[C@@H]([C@H]([C@@H]([C@@H](C(=O)O)O1)O)O)O[C@H]1[C@@H]([C@H]([C@@H]([C@@H](C(=O)O)O1)O)O)O"
"12519","NPC169402","InChI=1S/C16H15NO4/c1-19-9-4-5-10-11-7-12(16(18)21-3)15(20-2)8-14(11)17-13(10)6-9/h4-8,17H,1-3H3","BWOCIAHZUOFDLV-UHFFFAOYSA-N","COc1ccc2c(c1)[nH]c1c2cc(c(c1)OC)C(=O)OC"
"12620","NPC280616","InChI=1S/C13H14O4/c14-11-8-4-7-10(17-11)13(16)12(15)9-5-2-1-3-6-9/h1-6,8,10,12-13,15-16H,7H2/t10-,12-,13-/m0/s1","RTNQVKQMVIXUPZ-DRZSPHRISA-N","c1ccc(cc1)[C@@H]([C@H]([C@@H]1CC=CC(=O)O1)O)O"
"12700","NPC155410","InChI=1S/C57H90O24/c1-25-36(63)38(65)41(68)48(74-25)80-45-31(21-58)77-47(43(70)40(45)67)73-23-32-37(64)39(66)42(69)49(78-32)81-51(71)57-18-16-52(4,5)20-29(57)28-10-11-34-53(6)14-13-35(54(7,24-59)33(53)12-15-56(34,9)55(28,8)17-19-57)79-50-46(76-27(3)61)44(75-26(2)60)30(62)22-72-50/h10,25,29-50,58-59,62-70H,11-24H2,1-9H3/t25-,29-,30-,31+,32+,33+,34+,35-,36-,37+,38+,39-,40+,41+,42+,43+,44-,45+,46+,47+,48-,49-,50-,53-,54-,55+,56+,57-/m0/s1","HBSDEWNSVWHBTJ-KLLXAMJLSA-N","C[C@H]1[C@@H]([C@H]([C@H]([C@@H](O1)O[C@@H]1[C@@H](CO)O[C@H]([C@@H]([C@H]1O)O)OC[C@@H]1[C@H]([C@@H]([C@H]([C@@H](O1)OC(=O)[C@@]12CCC(C)(C)C[C@H]2C2=CC[C@@H]3[C@@]4(C)CC[C@@H]([C@@](C)(CO)[C@@H]4CC[C@@]3(C)[C@]2(C)CC1)O[C@H]1[C@@H]([C@H]([C@H](CO1)O)OC(=O)C)OC(=O)C)O)O)O)O)O)O"
"12944","NPC15440","InChI=1S/C19H24ClNO6/c1-21-6-5-17-8-10(22)14(26-3)16(27-4)18(17,21)9-12(20)19(17)13(23)7-11(25-2)15(19)24/h7,12,15,24H,5-6,8-9H2,1-4H3/t12-,15+,17+,18+,19+/m0/s1","FSXRARBVZZKCGJ-FMAJMWNWSA-N","CN1CC[C@@]23CC(=O)C(=C([C@@]12C[C@@H]([C@@]13C(=O)C=C([C@H]1O)OC)Cl)OC)OC"
"13549","NPC71739","InChI=1S/C21H20O6/c1-5-21(2,3)18-16(24)10-17(26-4)14-9-13(20(25)27-19(14)18)12-7-6-11(22)8-15(12)23/h5-10,22-24H,1H2,2-4H3","LCRIQVFKVCYUAO-UHFFFAOYSA-N","C=CC(C)(C)c1c(cc(c2cc(c3ccc(cc3O)O)c(=O)oc12)OC)O"
"13911","NPC75713","InChI=1S/C17H18O4/c1-19-15-10-12(9-14(18)11-15)7-8-13-5-4-6-16(20-2)17(13)21-3/h4-11,18H,1-3H3/b8-7+","JTNSCGPJCOQOIF-BQYQJAHWSA-N","COc1cc(/C=C/c2cccc(c2OC)OC)cc(c1)O"
"14075","NPC267336","InChI=1S/C24H32O5/c1-17(8-12-22(25)24(3,4)27)6-5-7-18(2)14-15-28-20-11-9-19-10-13-23(26)29-21(19)16-20/h6,9-11,13-14,16,22,25,27H,5,7-8,12,15H2,1-4H3/b17-6+,18-14+/t22-/m1/s1","SOTUFGKJQVSOCT-PKAURPTQSA-N","C/C(=C\COc1ccc2c(c1)oc(=O)cc2)/CC/C=C(/CC[C@H](C(O)(C)C)O)\C"
"14138","NPC78594","InChI=1S/C15H22O5/c1-8-9-6-10-13(2,7-15(9,19)20-12(8)17)11(16)4-5-14(10,3)18/h10-11,16,18-19H,4-7H2,1-3H3/t10-,11-,13-,14-,15+/m1/s1","BWOFLNFAFOQHRS-BBIZWXPBSA-N","CC1=C2C[C@@H]3[C@@](C)(C[C@]2(O)OC1=O)[C@@H](CC[C@@]3(C)O)O"
"14243","NPC249034","InChI=1S/C24H36O6/c1-13(2)20-17(29-15(4)25)10-22(6)12-24(28)14(3)8-9-19(27)23(24,7)11-18(21(20)22)30-16(5)26/h13,17-19,27-28H,3,8-12H2,1-2,4-7H3/t17-,18+,19+,22+,23+,24-/m1/s1","DORGIYVIWZRBKW-DXCUHBJQSA-N","CC(C)C1=C2[C@H](C[C@@]3(C)[C@H](CCC(=C)[C@@]3(C[C@]2(C)C[C@H]1OC(=O)C)O)O)OC(=O)C"
"14310","NPC167606","InChI=1S/C28H38O6/c1-14-11-21(33-25(32)17(14)13-29)15(2)18-5-6-19-16-12-24-28(34-24)23(31)8-7-22(30)27(28,4)20(16)9-10-26(18,19)3/h7-8,15-16,18-21,23-24,29,31H,5-6,9-13H2,1-4H3/t15-,16-,18+,19-,20-,21-,23-,24+,26+,27-,28+/m0/s1","DBRXOUCRJQVYJQ-BZMBVROXSA-N","OCC1=C(C)C[C@H](OC1=O)[C@H]([C@H]1CC[C@@H]2[C@]1(C)CC[C@H]1[C@H]2C[C@@H]2[C@]3([C@]1(C)C(=O)C=C[C@@H]3O)O2)C"
"15091","NPC30677","InChI=1S/C32H52O6/c1-18(16-23(35)27(29(5,6)37)38-19(2)33)20-10-14-31(8)21(20)17-22(34)26-30(7)13-12-25(36)28(3,4)24(30)11-15-32(26,31)9/h18,22-24,26-27,34-35,37H,10-17H2,1-9H3/t18-,22+,23+,24+,26+,27-,30+,31+,32+/m1/s1","WXHUQVMHWUQNTG-JSWHPQHOSA-N","CC(=O)O[C@@H](C(O)(C)C)[C@H](C[C@H](C1=C2C[C@H](O)[C@@H]3[C@]([C@]2(CC1)C)(C)CC[C@@H]1[C@]3(C)CCC(=O)C1(C)C)C)O"
"15319","NPC287105","InChI=1S/C32H48O6/c1-17(14-22(37-18(2)33)27-29(5,6)38-27)25-19-15-20(34)26-30(7)12-11-24(36)28(3,4)23(30)10-13-31(26,8)32(19,9)16-21(25)35/h17,20,22-23,26-27,34H,10-16H2,1-9H3/t17-,20+,22+,23+,26+,27-,30+,31+,32+/m1/s1","KOOCQNIPRJEMDH-QSKXMHMESA-N","C[C@H](C[C@@H]([C@@H]1C(C)(C)O1)OC(=O)C)C1=C2C[C@@H]([C@H]3[C@@]4(C)CCC(=O)C(C)(C)[C@@H]4CC[C@]3(C)[C@@]2(C)CC1=O)O"
"15653","NPC118804","InChI=1S/C19H21NO3/c1-20-9-6-12-10-15(22-2)18(23-3)17-16(12)14(20)11-19(17)7-4-13(21)5-8-19/h4-5,7-8,10,14H,6,9,11H2,1-3H3/t14-/m1/s1","WUYQEGNOQLRQAQ-CQSZACIVSA-N","CN1CCc2cc(c(c3c2[C@H]1CC13C=CC(=O)C=C1)OC)OC"
"15699","NPC5311","InChI=1S/C29H44O9/c1-27-8-5-17(37-26-25(34)24(33)23(32)21(13-30)38-26)12-16(27)3-4-20-19(27)6-9-28(2)18(7-10-29(20,28)35)15-11-22(31)36-14-15/h11,16-21,23-26,30,32-35H,3-10,12-14H2,1-2H3/t16-,17-,18+,19-,20+,21+,23+,24-,25+,26+,27-,28+,29-/m0/s1","CMHWMOGWFZWDMR-UEVATAMWSA-N","OC[C@H]1O[C@@H](O[C@H]2CC[C@]3([C@H](C2)CC[C@@H]2[C@@H]3CC[C@]3([C@]2(O)CC[C@@H]3C2=CC(=O)OC2)C)C)[C@@H]([C@H]([C@@H]1O)O)O"
"16107","NPC476990","InChI=1S/C30H44N6O7/c1-5-18(4)25-30(43)33-21(16-37)27(40)32-20(14-19-10-7-6-8-11-19)26(39)34-24(17(2)3)29(42)31-15-23(38)36-13-9-12-22(36)28(41)35-25/h6-8,10-11,17-18,20-22,24-25,37H,5,9,12-16H2,1-4H3,(H,31,42)(H,32,40)(H,33,43)(H,34,39)(H,35,41)/t18-,20-,21-,22-,24-,25-/m0/s1","DFRCBKAIFYVJFD-BYZHJWIBSA-N","CC[C@H](C)[C@H]1C(=O)N[C@H](C(=O)N[C@H](C(=O)N[C@H](C(=O)NCC(=O)N2CCC[C@H]2C(=O)N1)C(C)C)CC3=CC=CC=C3)CO"
"16176","NPC222153","InChI=1S/C48H86O6/c1-10-11-12-13-14-15-16-17-18-19-20-21-22-23-24-26-42(50)53-41-35-40(49)48(9)38(44(41,4)5)30-34-46(7)39(48)28-27-36-37(29-33-45(36,46)6)47(8,51)32-25-31-43(2,3)54-52/h25,31,36-41,49,51-52H,10-24,26-30,32-35H2,1-9H3/b31-25+/t36-,37+,38+,39+,40-,41+,45-,46-,47+,48+/m1/s1","PNIOLRUIMUJAKL-MZOLOXAHSA-N","CCCCCCCCCCCCCCCCCC(=O)O[C@H]1C[C@@H](O)[C@]2([C@H](C1(C)C)CC[C@@]1([C@@H]2CC[C@H]2[C@@]1(C)CC[C@@H]2[C@](C/C=C/C(OO)(C)C)(O)C)C)C"
"16566","NPC117027","InChI=1S/C32H18N4O2/c37-31-19-11-3-7-15-23(19)35-29(31)27-25(17-9-1-5-13-21(17)33-27)26-18-10-2-6-14-22(18)34-28(26)30-32(38)20-12-4-8-16-24(20)36-30/h1-16,33,36H/b30-28-","LZGZSWNCEMPXSX-HYOGKJQXSA-N","O=C1c2ccccc2N/C/1=C/1\N=c2c(=C1c1c([nH]c3c1cccc3)C1=Nc3c(C1=O)cccc3)cccc2"
"59","NPC148270","InChI=1S/C17H26O11/c1-17(24)3-7(19)9-6(14(23)25-2)5-26-15(10(9)17)28-16-13(22)12(21)11(20)8(4-18)27-16/h5,7-13,15-16,18-22,24H,3-4H2,1-2H3/t7-,8-,9+,10-,11-,12+,13-,15+,16+,17+/m1/s1","KKSYAZCUYVRKML-IRDZEPHTSA-N","OC[C@H]1O[C@@H](O[C@@H]2OC=C([C@@H]3[C@H]2[C@@](C)(O)C[C@H]3O)C(=O)OC)[C@@H]([C@H]([C@@H]1O)O)O"
"1811","NPC4286","InChI=1S/C19H26O3/c1-18(2)16-6-5-12-9-13(11-20)15(22-4)10-14(12)19(16,3)8-7-17(18)21/h5-6,9-10,16-17,20-21H,7-8,11H2,1-4H3/t16-,17+,19+/m1/s1","OQWQQASPTCXQLO-AOIWGVFYSA-N","CC1(C)[C@H]2C=Cc3cc(CO)c(cc3[C@]2(C)CC[C@@H]1O)OC"
"2835","NPC483510","InChI=1S/C11H16O7/c1-11(16)6-5(7(12)8(11)13)4(9(14)17-2)3-18-10(6)15/h3,5-8,10,12-13,15-16H,1-2H3/t5-,6-,7+,8+,10?,11?/m1/s1","KDLPGKIZDNSZPG-GBMUQSRFSA-N","CC1([C@@H]2[C@@H](C(=COC2O)C(=O)OC)[C@@H]([C@@H]1O)O)O"
"3046","NPC177013","InChI=1S/C17H26O10/c1-6-9(19)3-7-8(15(23)24-2)5-25-16(11(6)7)27-17-14(22)13(21)12(20)10(4-18)26-17/h5-7,9-14,16-22H,3-4H2,1-2H3/t6-,7-,9+,10-,11-,12-,13+,14-,16+,17+/m1/s1","AMBQHHVBBHTQBF-OZIIXKNCSA-N","OC[C@H]1O[C@@H](O[C@@H]2OC=C([C@@H]3[C@H]2[C@H](C)[C@H](C3)O)C(=O)OC)[C@@H]([C@H]([C@@H]1O)O)O"
"3354","NPC308404","InChI=1S/C21H20O12/c22-6-13-15(27)17(29)18(30)21(32-13)33-20-16(28)14-11(26)4-8(23)5-12(14)31-19(20)7-1-2-9(24)10(25)3-7/h1-5,13,15,17-18,21-27,29-30H,6H2/t13-,15+,17+,18-,21+/m0/s1","OVSQVDMCBVZWGM-STUVATENSA-N","c1cc(c(cc1c1c(c(=O)c2c(cc(cc2o1)O)O)O[C@@H]1[C@H]([C@@H]([C@@H]([C@H](CO)O1)O)O)O)O)O"
"3596","NPC35185","InChI=1S/C17H26O10/c1-6-9(19)3-7-8(15(23)24-2)5-25-16(11(6)7)27-17-14(22)13(21)12(20)10(4-18)26-17/h5-7,9-14,16-22H,3-4H2,1-2H3/t6-,7+,9-,10+,11+,12+,13-,14+,16-,17-/m0/s1","AMBQHHVBBHTQBF-UOUCRYGSSA-N","C[C@H]1[C@H](C[C@@H]2C(=CO[C@H]([C@H]12)O[C@H]1[C@@H]([C@H]([C@@H]([C@@H](CO)O1)O)O)O)C(=O)OC)O"
"9181","NPC473263","InChI=1S/C20H28O6/c1-11(2)9-16(22)25-10-13-5-6-14-12(3)18(23)26-17(14)19(4)15(21)7-8-20(13,19)24/h11,13-14,17,24H,3,5-10H2,1-2,4H3/t13?,14-,17+,19-,20+/m0/s1","NGKFAMFILMKFJI-ACBZQJCUSA-N","CC(C)CC(=O)OCC1CCC2C(C3(C1(CCC3=O)O)C)OC(=O)C2=C"
"11901","NPC472282","InChI=1S/C32H42O10/c1-8-15(2)27(36)41-25-20-23(35)31(6,22(29(25,3)4)21(34)28(37)38-7)17-9-11-30(5)18(32(17)26(20)42-32)13-19(33)40-24(30)16-10-12-39-14-16/h10,12,14-15,17-18,20-22,24-26,34H,8-9,11,13H2,1-7H3/t15-,17?,18+,20-,21+,22-,24-,25+,26+,30+,31+,32+/m0/s1","FCMCCFULNAGOLE-GUMQSGBDSA-N","COC(=O)[C@@H]([C@H]1C(C)(C)[C@H](OC(=O)[C@H](CC)C)[C@@H]2C(=O)[C@]1(C)C1CC[C@@]3([C@H]([C@]41[C@@H]2O4)CC(=O)O[C@H]3c1ccoc1)C)O"
"14781","NPC247735","InChI=1S/C21H26N2O3/c1-4-12-11-23(2)17-9-15-13-7-5-6-8-16(13)22-20(15)18(24)10-14(12)19(17)21(25)26-3/h5-8,12,14,17,19,22H,4,9-11H2,1-3H3/t12-,14+,17+,19-/m1/s1","FFVRRQMGGGTQRH-MSPRAJMNSA-N","CC[C@@H]1CN(C)[C@@H]2[C@@H]([C@H]1CC(=O)c1c(C2)c2c([nH]1)cccc2)C(=O)OC"
"15333","NPC81802","InChI=1S/C21H24N2O3/c1-4-12-11-23(2)17-9-15-13-7-5-6-8-16(13)22-20(15)18(24)10-14(12)19(17)21(25)26-3/h4-8,14,17,19,22H,9-11H2,1-3H3/b12-4-/t14-,17+,19+/m1/s1","TYPMTMPLTVSOBU-VQTPNMTRSA-N","C/C=C\1/CN(C)[C@H]2Cc3c4ccccc4[nH]c3C(=O)C[C@H]1[C@@H]2C(=O)OC"
"6605","NPC49964","InChI=1S/C30H50O3/c1-19(10-9-14-26(2,3)33)20-13-15-30(8)25-23(31)18-22-21(11-12-24(32)27(22,4)5)28(25,6)16-17-29(20,30)7/h9,14,18-21,23-25,31-33H,10-13,15-17H2,1-8H3/b14-9+/t19-,20-,21-,23+,24+,25-,28+,29-,30+/m1/s1","FDINJVUVNVFMKX-NGPVLLJVSA-N","C[C@@H]([C@H]1CC[C@@]2([C@]1(C)CC[C@@]1([C@H]2[C@@H](O)C=C2[C@H]1CC[C@@H](C2(C)C)O)C)C)C/C=C/C(O)(C)C"
"17299","NPC17170","InChI=1S/C26H30O5/c1-15(2)6-8-17-10-19(11-18(26(17)30-5)9-7-16(3)4)23-14-22(29)25-21(28)12-20(27)13-24(25)31-23/h6-7,10-13,23,27-28H,8-9,14H2,1-5H3/t23-/m0/s1","JHEBMTRMMJXPTM-QHCPKHFHSA-N","COc1c(CC=C(C)C)cc(cc1CC=C(C)C)[C@@H]1CC(=O)c2c(O1)cc(cc2O)O"
"1099","NPC43300","InChI=1S/C30H48O/c1-19(2)20-11-14-27(5)17-18-29(7)21(25(20)27)9-10-23-28(6)15-13-24(31)26(3,4)22(28)12-16-30(23,29)8/h20-23,25H,1,9-18H2,2-8H3/t20-,21+,22-,23+,25+,27+,28-,29+,30+/m0/s1","GRBHNQFQFHLCHO-BHMAJAPKSA-N","CC(=C)[C@@H]1CC[C@]2([C@H]1[C@H]1CC[C@H]3[C@@]([C@]1(C)CC2)(C)CC[C@@H]1[C@]3(C)CCC(=O)C1(C)C)C"
"1608","NPC39064","InChI=1S/C16H14O4/c1-18-10-3-5-11-13-8-19-14-6-9(17)2-4-12(14)16(13)20-15(11)7-10/h2-7,13,16-17H,8H2,1H3/t13-,16-/m0/s1","NSRJSISNDPOJOP-BBRMVZONSA-N","COc1ccc2[C@@H]3COc4cc(ccc4[C@@H]3Oc2c1)O"
"1612","NPC140840","InChI=1S/C15H10O5/c16-9-2-3-10-13(7-9)20-14(15(10)19)6-8-1-4-11(17)12(18)5-8/h1-7,16-18H/b14-6-","RGNXWPVNPFAADO-NSIKDUERSA-N","Oc1ccc2c(c1)O/C(=C\c1ccc(c(c1)O)O)/C2=O"
"2026","NPC53206","InChI=1S/C15H10O4/c1-7-11(16)6-10-12(13(7)17)15(19)9-5-3-2-4-8(9)14(10)18/h2-6,16-17H,1H3","IRZTUXPRIUZXMP-UHFFFAOYSA-N","Cc1c(cc2c(c1O)C(=O)c1ccccc1C2=O)O"
"2924","NPC120724","InChI=1S/C28H32O6/c1-13-15(3)28(34-23(13)31)22(30)14(2)17-8-9-18-16-11-21-26(33-21)10-6-7-20(29)25(26,5)19(16)12-27(28,32)24(17,18)4/h6-7,16,18-19,21,32H,8-12H2,1-5H3/t16-,18-,19-,21+,24+,25-,26+,27+,28-/m0/s1","HUXPYRJEVUAXLN-YCEUDUMWSA-N","O=C1O[C@@]2(C(=C1C)C)C(=O)C(=C1[C@]3([C@]2(O)C[C@H]2[C@H]([C@@H]3CC1)C[C@@H]1[C@]3([C@]2(C)C(=O)C=CC3)O1)C)C"
"2962","NPC120593","InChI=1S/C23H22O7/c1-23(2)6-5-11-15(30-23)8-13(24)20-21(25)19-12-7-16(26-3)17(27-4)9-14(12)28-10-18(19)29-22(11)20/h5-9,18-19,24H,10H2,1-4H3/t18-,19+/m1/s1","JLTNCZQNGBLBGO-MOPGFXCFSA-N","COc1cc2OC[C@@H]3[C@H](c2cc1OC)C(=O)c1c(O3)c2C=CC(Oc2cc1O)(C)C"
"3054","NPC158088","InChI=1S/C35H58O6/c1-7-22(20(2)3)9-8-21(4)26-12-13-27-25-11-10-23-18-24(14-16-34(23,5)28(25)15-17-35(26,27)6)40-33-32(39)31(38)30(37)29(19-36)41-33/h8-10,20-22,24-33,36-39H,7,11-19H2,1-6H3/b9-8+/t21-,22-,24+,25+,26-,27+,28+,29-,30-,31+,32-,33-,34+,35-/m1/s1","VWDLOXMZIGUBKM-AUGXRQBFSA-N","CC[C@@H](C(C)C)/C=C/[C@H]([C@H]1CC[C@@H]2[C@]1(C)CC[C@H]1[C@H]2CC=C2[C@]1(C)CC[C@@H](C2)O[C@@H]1O[C@H](CO)[C@H]([C@@H]([C@H]1O)O)O)C"
"3788","NPC166584","InChI=1S/C17H14O6/c1-19-17-11(18)3-2-8-15-10(6-20-16(8)17)9-4-13-14(22-7-21-13)5-12(9)23-15/h2-5,10,15,18H,6-7H2,1H3/t10-,15-/m0/s1","UXAJJVDCDOFKCY-BONVTDFDSA-N","COc1c(ccc2[C@H]3[C@@H](COc12)c1cc2c(cc1O3)OCO2)O"
"4557","NPC35961","InChI=1S/C18H19NO4/c1-23-17-12-14(4-8-16(17)21)5-9-18(22)19-11-10-13-2-6-15(20)7-3-13/h2-9,12,20-21H,10-11H2,1H3,(H,19,22)/b9-5-","NPNNKDMSXVRADT-UITAMQMPSA-N","COc1cc(ccc1O)/C=C\C(=NCCc1ccc(cc1)O)O"
"5016","NPC232021","InChI=1S/C26H30O4/c1-16(2)10-12-20-17(3)11-13-21(18-8-6-5-7-9-18)24(20)26(29)25-22(27)14-19(30-4)15-23(25)28/h5-11,14-15,20-21,24,27-28H,12-13H2,1-4H3/t20-,21-,24+/m0/s1","LYDZCXVWCFJAKQ-AWRGLXIESA-N","CC(=CC[C@H]1C(=CC[C@@H](c2ccccc2)[C@@H]1C(=O)c1c(cc(cc1O)OC)O)C)C"
"7070","NPC475673","InChI=1S/C32H40O8/c1-16-15-27(39-28(36)17(16)2)31(6)25-11-9-22-20-7-8-23-24(37-18(3)33)10-12-26(35)30(23,5)21(20)13-14-32(22,25)29(40-31)38-19(4)34/h8,10,12,20-22,24-25,27,29H,7,9,11,13-15H2,1-6H3/t20-,21+,22+,24+,25-,27-,29-,30-,31-,32-/m1/s1","GBCVECRLRGQTDA-RTWHLENNSA-N","CC1=C(C(=O)OC(C1)C2(C3CCC4C3(CCC5C4CC=C6C5(C(=O)C=CC6OC(=O)C)C)C(O2)OC(=O)C)C)C"
"8286","NPC473861","InChI=1S/C28H38O8/c1-14-10-20(36-23(31)15(14)2)19-13-35-28(34)12-18-16(17-7-9-26(19,32)25(17,28)4)11-22(30)27(33)8-5-6-21(29)24(18,27)3/h5-6,16-20,22,30,32-34H,7-13H2,1-4H3/t16-,17-,18-,19-,20+,22+,24-,25-,26+,27-,28-/m0/s1","DOBNBKPRQVPEOA-RZJMIXBHSA-N","CC1=C(C(=O)OC(C1)C2COC3(CC4C(CC(C5(C4(C(=O)C=CC5)C)O)O)C6C3(C2(CC6)O)C)O)C"
"9441","NPC273959","InChI=1S/C23H22O7/c1-10(2)14-6-12-16(29-14)7-13(24)21-22(25)20-11-5-17(26-3)18(27-4)8-15(11)28-9-19(20)30-23(12)21/h5,7-8,14,19-20,24H,1,6,9H2,2-4H3/t14-,19-,20+/m1/s1","ZPEHYKMRUBEPSQ-XMCHAPAWSA-N","COc1cc2OC[C@@H]3[C@H](c2cc1OC)C(=O)c1c(O3)c2C[C@@H](Oc2cc1O)C(=C)C"
"9873","NPC172154","InChI=1S/C28H36O6/c1-13-11-19(33-25(31)14(13)2)15(3)22-18(29)12-17-21-16(8-10-26(17,22)4)27(5)20(30)7-6-9-28(27,32)24-23(21)34-24/h6-7,16-19,21,23-24,29,32H,8-12H2,1-5H3/b22-15+/t16-,17-,18-,19+,21+,23-,24-,26-,27-,28-/m0/s1","YARITIRBZOEIHO-PLYJTDRGSA-N","CC1=C(C)C(=O)O[C@H](C1)/C(=C/1\[C@H](C[C@H]2[C@H]3[C@H](CC[C@]12C)[C@@]1(C)C(=O)C=CC[C@@]1([C@@H]1[C@H]3O1)O)O)/C"
"10249","NPC61520","InChI=1S/C28H40O7/c1-13-10-21(34-24(32)14(13)2)27(5,33)23-18(29)12-17-15-11-22-28(35-22)20(31)7-6-19(30)26(28,4)16(15)8-9-25(17,23)3/h6-7,13-18,20-23,29,31,33H,8-12H2,1-5H3/t13-,14+,15+,16-,17-,18-,20-,21+,22+,23-,25-,26-,27-,28+/m0/s1","CZKZWDJWVZTWCF-KUQCCCELSA-N","C[C@H]1C[C@H]([C@@](C)([C@H]2[C@H](C[C@H]3[C@@H]4C[C@@H]5[C@@]6([C@H](C=CC(=O)[C@]6(C)[C@H]4CC[C@]23C)O)O5)O)O)OC(=O)[C@@H]1C"
"12095","NPC11895","InChI=1S/C28H38O6/c1-13-11-19(33-25(31)14(13)2)15(3)16-8-9-17-22-18(12-21(30)26(16,17)4)27(5)20(29)7-6-10-28(27,32)24-23(22)34-24/h6-7,15-19,21-24,30,32H,8-12H2,1-5H3/t15-,16+,17-,18-,19+,21-,22-,23-,24-,26+,27-,28-/m0/s1","DGZBYFRXLDYRMK-XLVSLIJYSA-N","CC1=C(C)C(=O)O[C@H](C1)[C@H]([C@H]1CC[C@@H]2[C@]1(C)[C@@H](O)C[C@H]1[C@H]2[C@@H]2O[C@@H]2[C@@]2([C@]1(C)C(=O)C=CC2)O)C"
"14026","NPC122056","InChI=1S/C28H38O5/c1-15-12-22(32-25(31)18(15)14-29)16(2)19-7-8-20-17-13-24-28(33-24)10-5-6-23(30)27(28,4)21(17)9-11-26(19,20)3/h5-6,16-17,19-22,24,29H,7-14H2,1-4H3/t16-,17-,19+,20-,21-,22+,24+,26+,27-,28+/m0/s1","PQCMITGKFWXOBO-GOXWLBPLSA-N","CC1=C(CO)C(=O)O[C@H](C1)[C@@H](C)[C@H]1CC[C@H]2[C@@H]3C[C@@H]4[C@@]5(CC=CC(=O)[C@]5(C)[C@H]3CC[C@]12C)O4"
"15348","NPC1612","InChI=1S/C15H12O5/c16-9-2-3-10-12(18)7-14(20-15(10)6-9)8-1-4-11(17)13(19)5-8/h1-6,14,16-17,19H,7H2/t14-/m0/s1","MJBPUQUGJNAPAZ-AWEZNQCLSA-N","Oc1ccc2c(c1)O[C@@H](CC2=O)c1ccc(c(c1)O)O"
"16746","NPC472407","InChI=1S/C18H10O4/c19-16-12-5-6-15-11(7-8-20-15)17(12)22-18-10-3-1-2-4-14(10)21-9-13(16)18/h1-8H,9H2","JHNMBFUZKBERHM-UHFFFAOYSA-N","O=c1c2COc3c(c2oc2c1ccc1c2cco1)cccc3"
"507","NPC296686","InChI=1S/C33H55NO7/c1-17-5-8-24(34-15-17)18(2)27-25(36)14-23-21-7-6-19-13-20(9-11-32(19,3)22(21)10-12-33(23,27)4)40-31-30(39)29(38)28(37)26(16-35)41-31/h6,17-18,20-31,34-39H,5,7-16H2,1-4H3/t17-,18+,20-,21+,22-,23-,24+,25+,26+,27-,28+,29-,30+,31+,32-,33-/m0/s1","LXITVHCOOLDNBB-DGXPAVOPSA-N","C[C@H]1CC[C@H]([C@@H](C)[C@H]2[C@@H](C[C@H]3[C@@H]4CC=C5C[C@H](CC[C@]5(C)[C@H]4CC[C@]23C)O[C@H]2[C@@H]([C@H]([C@@H]([C@@H](CO)O2)O)O)O)O)NC1"
"3137","NPC25455","InChI=1S/C39H63NO11/c1-18-8-13-39(40-16-18)19(2)28-26(51-39)15-25-23-7-6-21-14-22(9-11-37(21,4)24(23)10-12-38(25,28)5)48-36-33(46)31(44)34(27(17-41)49-36)50-35-32(45)30(43)29(42)20(3)47-35/h6,18-20,22-36,40-46H,7-17H2,1-5H3/t18-,19+,20+,22+,23-,24+,25+,26+,27-,28+,29+,30-,31-,32-,33-,34-,35+,36-,37+,38+,39-/m1/s1","KRQDMAXNTWLTDZ-HCTICQNOSA-N","C[C@@H]1CC[C@@]2([C@@H](C)[C@H]3[C@H](C[C@H]4[C@@H]5CC=C6C[C@H](CC[C@]6(C)[C@H]5CC[C@]34C)O[C@H]3[C@@H]([C@H]([C@@H]([C@@H](CO)O3)O[C@H]3[C@@H]([C@@H]([C@H]([C@H](C)O3)O)O)O)O)O)O2)NC1"
"3200","NPC212874","InChI=1S/C28H45NO2/c1-17-8-13-28(29(5)16-17)18(2)25-24(31-28)15-23-21-7-6-19-14-20(30)9-11-26(19,3)22(21)10-12-27(23,25)4/h6,17-18,20-25,30H,7-16H2,1-5H3/t17-,18+,20+,21-,22+,23+,24+,25+,26+,27+,28-/m1/s1","RPNUGHPOPSPHKR-XMSHHSNWSA-N","C[C@@H]1CC[C@@]2(N(C1)C)O[C@@H]1[C@H]([C@@H]2C)[C@@]2([C@@H](C1)[C@@H]1CC=C3[C@]([C@H]1CC2)(C)CC[C@@H](C3)O)C"
"3719","NPC85001","InChI=1S/C27H43NO2/c1-16-7-12-27(28-15-16)17(2)24-23(30-27)14-22-20-6-5-18-13-19(29)8-10-25(18,3)21(20)9-11-26(22,24)4/h5,16-17,19-24,28-29H,6-15H2,1-4H3/t16-,17+,19+,20-,21+,22+,23+,24+,25+,26+,27+/m1/s1","KWVISVAMQJWJSZ-MEPOCMDBSA-N","C[C@@H]1CC[C@]2(NC1)O[C@@H]1[C@H]([C@@H]2C)[C@@]2([C@@H](C1)[C@@H]1CC=C3[C@]([C@H]1CC2)(C)CC[C@@H](C3)O)C"
"3944","NPC485588","InChI=1S/C34H52O4/c1-9-10-27(35)38-26-15-16-31(6)24(30(26,4)5)14-17-33(8)25(31)12-11-23-28-22(3)21(2)13-18-34(28,29(36)37)20-19-32(23,33)7/h9-11,21-22,24-26,28H,12-20H2,1-8H3,(H,36,37)/b10-9+/t21-,22+,24+,25-,26+,28+,31+,32-,33-,34+/m1/s1","VWQLUGVSDSWATN-BZRHZXPOSA-N","C/C=C/C(=O)O[C@H]1CC[C@@]2(C)[C@@H](CC[C@]3(C)[C@@H]2CC=C2[C@@H]4[C@@H](C)[C@H](C)CC[C@@]4(CC[C@@]32C)C(=O)O)C1(C)C"
"10195","NPC203486","InChI=1S/C37H54O4/c1-8-25(22(2)3)20-31(38)23(4)28-14-15-29-27-21-32(39)34-24(5)33(41-35(40)26-12-10-9-11-13-26)17-19-37(34,7)30(27)16-18-36(28,29)6/h9-13,21-25,28-31,33-34,38H,8,14-20H2,1-7H3/t23-,24+,25+,28+,29-,30-,31+,33-,34+,36+,37+/m0/s1","PQWWCRLPWBAFIP-PRQOAQHDSA-N","CC[C@@H](C(C)C)C[C@H]([C@H]([C@H]1CC[C@@H]2[C@]1(C)CC[C@H]1C2=CC(=O)[C@@H]2[C@]1(C)CC[C@@H]([C@H]2C)OC(=O)c1ccccc1)C)O"
"1052","NPC40729","InChI=1S/C15H20O3/c1-8-6-13-11(9(2)14(16)18-13)7-12-10(8)4-5-15(12,3)17/h10-13,17H,1-2,4-7H2,3H3/t10-,11+,12+,13+,15+/m0/s1","GTYUWNQOOLJZBM-KMCWBVRRSA-N","C=C1C[C@@H]2[C@H](C[C@@H]3[C@H]1CC[C@@]3(C)O)C(=C)C(=O)O2"
"3520","NPC62995","InChI=1S/C16H13N3O3/c20-12-7-5-11(6-8-12)9-15-17-10-18-19(15)14-4-2-1-3-13(14)16(21)22/h1-8,10,20H,9H2,(H,21,22)","OLKCKDFOTMJWNW-UHFFFAOYSA-N","c1ccc(c(c1)C(=O)O)n1c(Cc2ccc(cc2)O)ncn1"
"5668","NPC470883","InChI=1S/C25H38O9/c1-8-13(4)23(29)34-22-21-18(15(6)24(30)33-21)19(28)20(32-17(27)11-12(2)3)14(5)9-10-16(26)25(22,7)31/h12-14,18-22,28,31H,6,8-11H2,1-5,7H3/t13?,14-,18-,19-,20-,21+,22-,25+/m1/s1","YRYNHYDOFQYDHO-QJDGEESOSA-N","CCC(C)C(=O)OC1C2C(C(C(C(CCC(=O)C1(C)O)C)OC(=O)CC(C)C)O)C(=C)C(=O)O2"
"12460","NPC292374","InChI=1S/C20H30O4/c1-11-15-12(22)9-14-19(3)7-4-6-18(2,10-21)13(19)5-8-20(14,16(11)23)17(15)24/h12-15,17,21-22,24H,1,4-10H2,2-3H3/t12-,13+,14-,15+,17+,18+,19+,20+/m0/s1","QOCQIGXDJNSEGM-DTMCMCHMSA-N","OC[C@@]1(C)CCC[C@@]2([C@@H]1CC[C@]13[C@H]2C[C@@H]([C@H]([C@H]1O)C(=C)C3=O)O)C"
